Dataset,GA,PA,FGA,FTA,Dura,#Line,#Tpl,#Invoke,#Tokens,Match,Group,Extract,Correct
Proxifier,1.0,0.5265,1.0,0.875,7.01,2000.0,8.0,4.0,1255.0,0.4,0.37,6.23,0.01
Apache,1.0,1.0,1.0,1.0,0.67,2000.0,6.0,0.0,0.0,0.33,0.33,0.0,0.0
OpenSSH,1.0,0.5115,1.0,0.4615,0.88,2000.0,26.0,0.0,0.0,0.49,0.37,0.01,0.01
HDFS,1.0,1.0,1.0,1.0,0.66,2000.0,14.0,0.0,0.0,0.33,0.32,0.0,0.0
OpenStack,1.0,0.9885,1.0,0.907,2.2,2000.0,43.0,1.0,1135.0,0.44,0.35,1.4,0.01
HPC,0.945,0.95,0.8667,0.7333,6.76,2000.0,46.0,4.0,1796.0,0.21,0.31,4.16,2.08
Zookeeper,0.9885,0.822,0.8958,0.7917,6.56,2000.0,46.0,2.0,1503.0,0.31,0.32,5.9,0.02
HealthApp,1.0,0.739,1.0,0.8267,1.94,2000.0,75.0,1.0,1114.0,0.26,0.33,1.34,0.0
Hadoop,0.9725,0.798,0.946,0.7207,3.63,2000.0,108.0,1.0,1332.0,0.44,0.35,2.81,0.0
Spark,0.9965,0.806,0.8657,0.7164,0.74,2000.0,31.0,0.0,0.0,0.4,0.34,0.0,0.0
BGL,0.998,0.981,0.9832,0.8907,7.65,2000.0,118.0,1.0,1693.0,0.33,0.32,6.96,0.02
Linux,0.4235,0.3655,0.931,0.6897,2.54,2000.0,117.0,2.0,1110.0,0.76,0.35,1.41,0.01
Mac,0.9595,0.6225,0.9514,0.5538,29.3,2000.0,337.0,1.0,3278.0,0.52,0.38,28.28,0.06
Thunderbird,0.9695,0.835,0.8536,0.6464,6.57,2000.0,179.0,1.0,1455.0,0.45,0.37,5.68,0.02
Windows,1.0,0.984,1.0,0.74,0.84,2000.0,50.0,0.0,0.0,0.46,0.37,0.0,0.0
Andriod,0.9835,0.5995,0.9587,0.7365,5.45,2000.0,157.0,3.0,1557.0,0.5,0.37,2.19,2.37
Average,0.9523,0.7831,0.9533,0.7681,5.2125,2000.0,85.0625,1.3125,1076.75,0.4144,0.3469,4.1481,0.2881
